our_d_optimality,rus_d_optimality,kappa
21.55048202262175,21.533106326868463,0.5
24.232841419222016,24.35581408515952,5
26.039711287646245,26.213231694824124,10
30.064608150915834,30.248709157845568,30
